{"cameraMode":{"drawMode":0,"name":"Shaded","section":"Shading Mode"},"sceneLighting":true,"audioPlay":false,"sceneViewState":{"m_AlwaysRefresh":false,"showFog":true,"showSkybox":true,"showFlares":true,"showImageEffects":true,"showParticleSystems":true,"showVisualEffectGraphs":true,"m_FxEnabled":true},"in2DMode":false,"pivot":{"x":-0.41999995708465578,"y":3.5199999809265138,"z":-2.4847724437713625},"rotation":{"x":0.06594468653202057,"y":-0.01436527632176876,"z":0.0009537666919641197,"w":0.9977206587791443},"size":3.760268211364746,"orthographic":true}